"Timestamp","Occupation","Age","Gender","State","image_6985","image_6209","image_640","image_5443","image_5562","image_2936","image_5746","image_3133","image_2656","image_5593","image_3082","image_3586","image_4334","image_4159","image_6773","image_4463","image_5416","image_5575","image_5668","image_6722"
"2021/04/06 9:07:32 PM GMT+5:30","Student","20","Male","Punjab","Dislike","Like","Like","","Dislike","","","","","","","","","","","","","","",""
"2021/04/19 8:03:50 PM GMT+5:30","Student","20","Female","Haryana","Dislike","Dislike","Like","Like","Like","Dislike","Like","Dislike","Like","Like","Like","Like","Like","Like","Dislike","Like","Dislike","Like","Like","Like"
"2021/04/19 8:05:16 PM GMT+5:30","Student","15-18","Female","Assamm","Like","Dislike","Dislike","Like","Like","Dislike","Dislike","Dislike","Dislike","Dislike","Like","Like","Like","Like","Dislike","Dislike","Dislike","Dislike","","Like"
"2021/04/19 8:21:21 PM GMT+5:30","Student","17","Male","Maharashtra","Like","Like","Like","Like","Like","Dislike","Like","Dislike","Like","Like","Like","Like","Like","Like","Like","Like","Like","Like","Like","Like"
"2021/04/19 9:11:08 PM GMT+5:30","Student","17","Female","Haryana ","Like","Dislike","Like","Dislike","Like","Dislike","Dislike","Dislike","Like","Like","Like","Like","Like","Dislike","Like","Like","Like","Dislike","Dislike","Like"
"2021/04/20 3:59:46 PM GMT+5:30","Design engineer","28","Female","Telangana","Dislike","Dislike","Dislike","Dislike","Dislike","Dislike","Dislike","Dislike","Dislike","Dislike","Dislike","Dislike","Dislike","Dislike","Dislike","Dislike","Dislike","Dislike","Dislike","Dislike"
"2021/04/22 7:00:16 PM GMT+5:30","student","17","Male","usa","Dislike","Dislike","Dislike","Dislike","Like","Dislike","Dislike","Like","Dislike","Like","Dislike","Dislike","Dislike","Dislike","Like","Dislike","Dislike","Dislike","Dislike","Dislike"
"2021/04/25 11:35:54 AM GMT+5:30","IT PROFESIONAL ","38","Male","Haryana","Like","Dislike","Like","Like","Dislike","Like","Like","Like","Like","Like","Like","Like","Dislike","Like","Like","Like","Like","Like","Like","Like"